gene,Description,log2FoldChange
CLIP3,A,3.489913
CLN3,A,2.464367
RASIP1,A,3.350268
ADAMTS5,B,2.625572
BGLAP,B,2.089332
CDH2,B,1.922394
COL11A2,B,2.458183
GOLGA8A,C,1.621883
GOLGA8R,C,1.406057
GOLGA8T,C,1.390438
EFCAB7,D,1.300632
PROM1,D,2.965427
TSPEAR,D,2.970308
AGER,E,1.158709
CD34,E,2.69671
CDH2,E,1.922394
CTSK,E,1.172465
